{
	"totalFixation": 4928,
	"sumDuration": 1097945.0,
	"meanDuration": 222.79728084415584,
	"stdDuration": 144.0363233648377,
	"totalNumberSaccades": 4927,
	"sumSaccadeLengths": 594968.663180165,
	"meanSaccadeLength": 120.75678164809518,
	"stdSaccadeLengths": 594968.6631801671,
	"totalSaccadeDuration": 640565.0,
	"meanSaccadeDuration": 130.0111629795007,
	"stdSaccadeDurations": 171.30651157100047,
	"scanpathDuration": 171.30651157100047,
	"fixationSaccadeRatio:": 1.7140258990110293,
	"sumAbsoluteDegrees": 167263.81475707845,
	"meanAbsoluteDegrees": 33.94840973352516,
	"sumRelativeDegrees": 544471.7359519117,
	"meanRelativeDegrees": 110.53019406250745,
	"convex hull area": 1086817.0
}