{
	"totalFixation": 1132,
	"sumDuration": 205727.0,
	"meanDuration": 181.7376325088339,
	"stdDuration": 107.55075324788149,
	"totalNumberSaccades": 1131,
	"sumSaccadeLengths": 128494.93601397327,
	"meanSaccadeLength": 113.61179134745647,
	"stdSaccadeLengths": 128494.93601397325,
	"totalSaccadeDuration": 459508.0,
	"meanSaccadeDuration": 406.28470380194517,
	"stdSaccadeDurations": 693.9355318845095,
	"scanpathDuration": 693.9355318845095,
	"fixationSaccadeRatio:": 0.4477114653063712,
	"sumAbsoluteDegrees": 41517.069005452904,
	"meanAbsoluteDegrees": 36.70828382444996,
	"sumRelativeDegrees": 119756.6909886174,
	"meanRelativeDegrees": 105.97937255629859,
	"convex hull area": 822244.0
}