{
	"totalFixation": 3580,
	"sumDuration": 1249404.0,
	"meanDuration": 348.99553072625696,
	"stdDuration": 312.56881932517086,
	"totalNumberSaccades": 3579,
	"sumSaccadeLengths": 343056.2939600739,
	"meanSaccadeLength": 95.85255489244871,
	"stdSaccadeLengths": 343056.29396007257,
	"totalSaccadeDuration": 401001.0,
	"meanSaccadeDuration": 112.04274937133277,
	"stdSaccadeDurations": 186.90939362481112,
	"scanpathDuration": 186.90939362481112,
	"fixationSaccadeRatio:": 3.1157129283966873,
	"sumAbsoluteDegrees": 131650.43320323006,
	"meanAbsoluteDegrees": 36.784138922388955,
	"sumRelativeDegrees": 375563.89326619904,
	"meanRelativeDegrees": 104.9647549653994,
	"convex hull area": 1274734.5
}