{
	"total fix": "3580",
	"sum duration": 1249404.0,
	"mean duration": 348.99553072625696,
	"std of duration": 312.56881932517086,
	"total number saccades": 3579,
	"sum of saccade lengths": 343056.2939600739,
	"mean saccade length": 95.85255489244871,
	"StDev of saccade lengths": 343056.29396007257,
	"total saccade duration": 401001.0,
	"mean saccade duration": 112.04274937133277,
	"Stdev saccade durations": 186.90939362481112,
	"scanpath duration": 186.90939362481112,
	"fixation to saccade ratio:": 3.1157129283966873,
	"sum of absolute degrees": 131650.43320323006,
	"mean of absolute degrees": 36.784138922388955,
	"sum of relative degrees": 375563.89326619904,
	"mean of relative degrees": 104.9647549653994,
	"convex hull area": 1274734.5
}