{
	"total fix": "3823",
	"sum duration": 1437298.0,
	"mean duration": 375.96076379806436,
	"std of duration": 325.82910309789753,
	"total number saccades": 3822,
	"sum of saccade lengths": 508050.9618679953,
	"mean saccade length": 132.92803816535724,
	"StDev of saccade lengths": 508050.9618679939,
	"total saccade duration": 317700.0,
	"mean saccade duration": 83.12401883830455,
	"Stdev saccade durations": 267.6483908783545,
	"scanpath duration": 267.6483908783545,
	"fixation to saccade ratio:": 4.524073024866226,
	"sum of absolute degrees": 118657.4056258885,
	"mean of absolute degrees": 31.04589367501007,
	"sum of relative degrees": 446633.2092197246,
	"mean of relative degrees": 116.88908903944638,
	"convex hull area": 994429.0
}