{
	"totalFixation": 3823,
	"sumDuration": 1437298.0,
	"meanDuration": 375.96076379806436,
	"stdDuration": 325.82910309789753,
	"totalNumberSaccades": 3822,
	"sumSaccadeLengths": 508050.9618679953,
	"meanSaccadeLength": 132.92803816535724,
	"stdSaccadeLengths": 508050.9618679939,
	"totalSaccadeDuration": 317700.0,
	"meanSaccadeDuration": 83.12401883830455,
	"stdSaccadeDurations": 267.6483908783545,
	"scanpathDuration": 267.6483908783545,
	"fixationSaccadeRatio:": 4.524073024866226,
	"sumAbsoluteDegrees": 118657.4056258885,
	"meanAbsoluteDegrees": 31.04589367501007,
	"sumRelativeDegrees": 446633.2092197246,
	"meanRelativeDegrees": 116.88908903944638,
	"convex hull area": 994429.0
}