{
	"totalFixation": 3559,
	"sumDuration": 651412.0,
	"meanDuration": 183.03231244731666,
	"stdDuration": 125.5756316295231,
	"totalNumberSaccades": 3558,
	"sumSaccadeLengths": 524393.2280115469,
	"meanSaccadeLength": 147.38426869352077,
	"stdSaccadeLengths": 524393.2280115464,
	"totalSaccadeDuration": 964344.0,
	"meanSaccadeDuration": 271.035413153457,
	"stdSaccadeDurations": 402.4562746495109,
	"scanpathDuration": 402.4562746495109,
	"fixationSaccadeRatio:": 0.6754975402968235,
	"sumAbsoluteDegrees": 121586.8664910638,
	"meanAbsoluteDegrees": 34.17281239209213,
	"sumRelativeDegrees": 394352.41739786504,
	"meanRelativeDegrees": 110.86657784589964,
	"convex hull area": 1059399.0
}