{
	"total fix": "468",
	"sum duration": 99006.0,
	"mean duration": 211.55128205128204,
	"std of duration": 144.21061632663478,
	"total number saccades": 467,
	"sum of saccade lengths": 45009.892312584874,
	"mean saccade length": 96.38092572287982,
	"StDev of saccade lengths": 45009.89231258486,
	"total saccade duration": 481196.0,
	"mean saccade duration": 1030.3982869379015,
	"Stdev saccade durations": 11787.222317458798,
	"scanpath duration": 11787.222317458798,
	"fixation to saccade ratio:": 0.20574983998204474,
	"sum of absolute degrees": 15869.001713872049,
	"mean of absolute degrees": 33.98073172135342,
	"sum of relative degrees": 51437.270079872964,
	"mean of relative degrees": 110.3804078967231,
	"convex hull area": 602170.0
}