{
	"totalFixation": 468,
	"sumDuration": 99006.0,
	"meanDuration": 211.55128205128204,
	"stdDuration": 144.21061632663478,
	"totalNumberSaccades": 467,
	"sumSaccadeLengths": 45009.892312584874,
	"meanSaccadeLength": 96.38092572287982,
	"stdSaccadeLengths": 45009.89231258486,
	"totalSaccadeDuration": 481196.0,
	"meanSaccadeDuration": 1030.3982869379015,
	"stdSaccadeDurations": 11787.222317458798,
	"scanpathDuration": 11787.222317458798,
	"fixationSaccadeRatio:": 0.20574983998204474,
	"sumAbsoluteDegrees": 15869.001713872049,
	"meanAbsoluteDegrees": 33.98073172135342,
	"sumRelativeDegrees": 51437.270079872964,
	"meanRelativeDegrees": 110.3804078967231,
	"convex hull area": 602170.0
}