{
	"totalFixation": 1834,
	"sumDuration": 258910.0,
	"meanDuration": 141.1723009814613,
	"stdDuration": 52.24272713403708,
	"totalNumberSaccades": 1833,
	"sumSaccadeLengths": 279982.2687684592,
	"meanSaccadeLength": 152.74537303243818,
	"stdSaccadeLengths": 279982.26876845886,
	"totalSaccadeDuration": 1217362.0,
	"meanSaccadeDuration": 664.1363884342608,
	"stdSaccadeDurations": 1283.7464753787758,
	"scanpathDuration": 1283.7464753787758,
	"fixationSaccadeRatio:": 0.2126811909686683,
	"sumAbsoluteDegrees": 68374.92440242346,
	"meanAbsoluteDegrees": 37.302195527781485,
	"sumRelativeDegrees": 192828.14951675688,
	"meanRelativeDegrees": 105.2555401292341,
	"convex hull area": 917734.0
}