{
	"totalFixation": 1849,
	"sumDuration": 371402.0,
	"meanDuration": 200.8664142779881,
	"stdDuration": 119.53639251935103,
	"totalNumberSaccades": 1848,
	"sumSaccadeLengths": 223016.46612828717,
	"meanSaccadeLength": 120.67990591357531,
	"stdSaccadeLengths": 223016.46612828659,
	"totalSaccadeDuration": 397329.0,
	"meanSaccadeDuration": 215.00487012987014,
	"stdSaccadeDurations": 299.34237157062313,
	"scanpathDuration": 299.34237157062313,
	"fixationSaccadeRatio:": 0.9347467715671396,
	"sumAbsoluteDegrees": 69566.60199209214,
	"meanAbsoluteDegrees": 37.644265147236005,
	"sumRelativeDegrees": 192255.17304338407,
	"meanRelativeDegrees": 104.09051058115001,
	"convex hull area": 1088292.0
}