{
	"total fix": "2581",
	"sum duration": 414829.0,
	"mean duration": 160.72413793103448,
	"std of duration": 85.31549198679215,
	"total number saccades": 2580,
	"sum of saccade lengths": 324201.0007217251,
	"mean saccade length": 125.65930260531981,
	"StDev of saccade lengths": 324201.00072172476,
	"total saccade duration": 1149467.0,
	"mean saccade duration": 445.5298449612403,
	"Stdev saccade durations": 570.704202557987,
	"scanpath duration": 570.704202557987,
	"fixation to saccade ratio:": 0.36088813336964004,
	"sum of absolute degrees": 95944.77464771297,
	"mean of absolute degrees": 37.18789715027634,
	"sum of relative degrees": 269461.3997113103,
	"mean of relative degrees": 104.48290023703385,
	"convex hull area": 1210905.5
}