{
	"totalFixation": 2581,
	"sumDuration": 414829.0,
	"meanDuration": 160.72413793103448,
	"stdDuration": 85.31549198679215,
	"totalNumberSaccades": 2580,
	"sumSaccadeLengths": 324201.0007217251,
	"meanSaccadeLength": 125.65930260531981,
	"stdSaccadeLengths": 324201.00072172476,
	"totalSaccadeDuration": 1149467.0,
	"meanSaccadeDuration": 445.5298449612403,
	"stdSaccadeDurations": 570.704202557987,
	"scanpathDuration": 570.704202557987,
	"fixationSaccadeRatio:": 0.36088813336964004,
	"sumAbsoluteDegrees": 95944.77464771297,
	"meanAbsoluteDegrees": 37.18789715027634,
	"sumRelativeDegrees": 269461.3997113103,
	"meanRelativeDegrees": 104.48290023703385,
	"convex hull area": 1210905.5
}