{
	"totalFixation": 5093,
	"sumDuration": 1506290.0,
	"meanDuration": 295.75692126448064,
	"stdDuration": 217.51743574348333,
	"totalNumberSaccades": 5092,
	"sumSaccadeLengths": 596143.4939698935,
	"meanSaccadeLength": 117.07452748819591,
	"stdSaccadeLengths": 596143.4939698906,
	"totalSaccadeDuration": 424518.0,
	"meanSaccadeDuration": 83.36959937156324,
	"stdSaccadeDurations": 168.21598392800632,
	"scanpathDuration": 168.21598392800632,
	"fixationSaccadeRatio:": 3.548235881635172,
	"sumAbsoluteDegrees": 177235.75857928567,
	"meanAbsoluteDegrees": 34.80670828344181,
	"sumRelativeDegrees": 554907.0314029856,
	"meanRelativeDegrees": 108.99764906756738,
	"convex hull area": 1194569.5
}