{
	"total fix": "5093",
	"sum duration": 1506290.0,
	"mean duration": 295.75692126448064,
	"std of duration": 217.51743574348333,
	"total number saccades": 5092,
	"sum of saccade lengths": 596143.4939698935,
	"mean saccade length": 117.07452748819591,
	"StDev of saccade lengths": 596143.4939698906,
	"total saccade duration": 424518.0,
	"mean saccade duration": 83.36959937156324,
	"Stdev saccade durations": 168.21598392800632,
	"scanpath duration": 168.21598392800632,
	"fixation to saccade ratio:": 3.548235881635172,
	"sum of absolute degrees": 177235.75857928567,
	"mean of absolute degrees": 34.80670828344181,
	"sum of relative degrees": 554907.0314029856,
	"mean of relative degrees": 108.99764906756738,
	"convex hull area": 1194569.5
}