{
	"totalFixation": 1735,
	"sumDuration": 597500.0,
	"meanDuration": 344.38040345821327,
	"stdDuration": 252.8754986935551,
	"totalNumberSaccades": 1734,
	"sumSaccadeLengths": 209846.51793260168,
	"meanSaccadeLength": 121.01875313298828,
	"stdSaccadeLengths": 209846.51793260133,
	"totalSaccadeDuration": 97481.0,
	"meanSaccadeDuration": 56.21741637831603,
	"stdSaccadeDurations": 98.66436087738556,
	"scanpathDuration": 98.66436087738556,
	"fixationSaccadeRatio:": 6.1293995753018535,
	"sumAbsoluteDegrees": 68547.24846789111,
	"meanAbsoluteDegrees": 39.531285160260154,
	"sumRelativeDegrees": 173067.90287948956,
	"meanRelativeDegrees": 99.866072059717,
	"convex hull area": 958592.0
}