{
	"totalFixation": 6902,
	"sumDuration": 1502960.0,
	"meanDuration": 217.75717183425095,
	"stdDuration": 146.06360161437294,
	"totalNumberSaccades": 6901,
	"sumSaccadeLengths": 985287.8258498983,
	"meanSaccadeLength": 142.77464510214438,
	"stdSaccadeLengths": 985287.8258498948,
	"totalSaccadeDuration": 1419637.0,
	"meanSaccadeDuration": 205.71467903202435,
	"stdSaccadeDurations": 1153.5037600815072,
	"scanpathDuration": 1153.5037600815072,
	"fixationSaccadeRatio:": 1.058693172973091,
	"sumAbsoluteDegrees": 246433.02935874573,
	"meanAbsoluteDegrees": 35.70975646409879,
	"sumRelativeDegrees": 742115.8638221102,
	"meanRelativeDegrees": 107.55302374233482,
	"convex hull area": 1003577.5
}