{
	"totalFixation": 2183,
	"sumDuration": 766606.0,
	"meanDuration": 351.1708657810353,
	"stdDuration": 272.81116684074357,
	"totalNumberSaccades": 2182,
	"sumSaccadeLengths": 235300.47752104624,
	"meanSaccadeLength": 107.83706577499828,
	"stdSaccadeLengths": 235300.4775210459,
	"totalSaccadeDuration": 168801.0,
	"meanSaccadeDuration": 77.36067827681026,
	"stdSaccadeDurations": 177.4780367503159,
	"scanpathDuration": 177.4780367503159,
	"fixationSaccadeRatio:": 4.54147783484695,
	"sumAbsoluteDegrees": 81705.22136410592,
	"meanAbsoluteDegrees": 37.445106033045796,
	"sumRelativeDegrees": 227396.8307556601,
	"meanRelativeDegrees": 104.26264592189825,
	"convex hull area": 809589.0
}