{
	"total fix": "2183",
	"sum duration": 766606.0,
	"mean duration": 351.1708657810353,
	"std of duration": 272.81116684074357,
	"total number saccades": 2182,
	"sum of saccade lengths": 235300.47752104624,
	"mean saccade length": 107.83706577499828,
	"StDev of saccade lengths": 235300.4775210459,
	"total saccade duration": 168801.0,
	"mean saccade duration": 77.36067827681026,
	"Stdev saccade durations": 177.4780367503159,
	"scanpath duration": 177.4780367503159,
	"fixation to saccade ratio:": 4.54147783484695,
	"sum of absolute degrees": 81705.22136410592,
	"mean of absolute degrees": 37.445106033045796,
	"sum of relative degrees": 227396.8307556601,
	"mean of relative degrees": 104.26264592189825,
	"convex hull area": 809589.0
}