{
	"totalFixation": 590,
	"sumDuration": 94984.0,
	"meanDuration": 160.98983050847457,
	"stdDuration": 124.08988156957382,
	"totalNumberSaccades": 589,
	"sumSaccadeLengths": 121734.70408226292,
	"meanSaccadeLength": 206.68031253355335,
	"stdSaccadeLengths": 121734.70408226288,
	"totalSaccadeDuration": 452559.0,
	"meanSaccadeDuration": 768.3514431239389,
	"stdSaccadeDurations": 1130.9977446425428,
	"scanpathDuration": 1130.9977446425428,
	"fixationSaccadeRatio:": 0.20988202643191275,
	"sumAbsoluteDegrees": 22413.134565072327,
	"meanAbsoluteDegrees": 38.052860042567616,
	"sumRelativeDegrees": 59597.08257806469,
	"meanRelativeDegrees": 101.35558261575628,
	"convex hull area": 855221.0
}