{
	"totalFixation": 6752,
	"sumDuration": 1355507.0,
	"meanDuration": 200.75636848341233,
	"stdDuration": 133.30242457841047,
	"totalNumberSaccades": 6751,
	"sumSaccadeLengths": 714182.6458946208,
	"meanSaccadeLength": 105.78916396009788,
	"stdSaccadeLengths": 714182.6458946187,
	"totalSaccadeDuration": 1263480.0,
	"meanSaccadeDuration": 187.15449563027698,
	"stdSaccadeDurations": 258.29928889968437,
	"scanpathDuration": 258.29928889968437,
	"fixationSaccadeRatio:": 1.072836135118878,
	"sumAbsoluteDegrees": 251912.37613860492,
	"meanAbsoluteDegrees": 37.31482389847503,
	"sumRelativeDegrees": 705851.8825280488,
	"meanRelativeDegrees": 104.57064926341464,
	"convex hull area": 963960.5
}