{
	"totalFixation": 3657,
	"sumDuration": 579093.0,
	"meanDuration": 158.35192780968006,
	"stdDuration": 69.68756483626615,
	"totalNumberSaccades": 3656,
	"sumSaccadeLengths": 518608.35654951946,
	"meanSaccadeLength": 141.85130102557972,
	"stdSaccadeLengths": 518608.3565495173,
	"totalSaccadeDuration": 1404627.0,
	"meanSaccadeDuration": 384.19775711159735,
	"stdSaccadeDurations": 727.4136692721294,
	"scanpathDuration": 727.4136692721294,
	"fixationSaccadeRatio:": 0.41227528731827023,
	"sumAbsoluteDegrees": 136143.50749354067,
	"meanAbsoluteDegrees": 37.23837732317852,
	"sumRelativeDegrees": 384015.1425794648,
	"meanRelativeDegrees": 105.0657024841217,
	"convex hull area": 1058110.5
}