{
	"total fix": "3657",
	"sum duration": 579093.0,
	"mean duration": 158.35192780968006,
	"std of duration": 69.68756483626615,
	"total number saccades": 3656,
	"sum of saccade lengths": 518608.35654951946,
	"mean saccade length": 141.85130102557972,
	"StDev of saccade lengths": 518608.3565495173,
	"total saccade duration": 1404627.0,
	"mean saccade duration": 384.19775711159735,
	"Stdev saccade durations": 727.4136692721294,
	"scanpath duration": 727.4136692721294,
	"fixation to saccade ratio:": 0.41227528731827023,
	"sum of absolute degrees": 136143.50749354067,
	"mean of absolute degrees": 37.23837732317852,
	"sum of relative degrees": 384015.1425794648,
	"mean of relative degrees": 105.0657024841217,
	"convex hull area": 1058110.5
}