{
	"totalFixation": 5025,
	"sumDuration": 1308141.0,
	"meanDuration": 260.3265671641791,
	"stdDuration": 181.2859107316216,
	"totalNumberSaccades": 5024,
	"sumSaccadeLengths": 723360.9010041335,
	"meanSaccadeLength": 143.98107105973995,
	"stdSaccadeLengths": 723360.9010041304,
	"totalSaccadeDuration": 361325.0,
	"meanSaccadeDuration": 71.91978503184713,
	"stdSaccadeDurations": 122.914334558382,
	"scanpathDuration": 122.914334558382,
	"fixationSaccadeRatio:": 3.620399916972255,
	"sumAbsoluteDegrees": 170639.73041222958,
	"meanAbsoluteDegrees": 33.96491449288009,
	"sumRelativeDegrees": 558174.5856691172,
	"meanRelativeDegrees": 111.12374789351327,
	"convex hull area": 1121176.0
}