{
	"total fix": "5025",
	"sum duration": 1308141.0,
	"mean duration": 260.3265671641791,
	"std of duration": 181.2859107316216,
	"total number saccades": 5024,
	"sum of saccade lengths": 723360.9010041335,
	"mean saccade length": 143.98107105973995,
	"StDev of saccade lengths": 723360.9010041304,
	"total saccade duration": 361325.0,
	"mean saccade duration": 71.91978503184713,
	"Stdev saccade durations": 122.914334558382,
	"scanpath duration": 122.914334558382,
	"fixation to saccade ratio:": 3.620399916972255,
	"sum of absolute degrees": 170639.73041222958,
	"mean of absolute degrees": 33.96491449288009,
	"sum of relative degrees": 558174.5856691172,
	"mean of relative degrees": 111.12374789351327,
	"convex hull area": 1121176.0
}