{
	"totalFixation": 1158,
	"sumDuration": 188193.0,
	"meanDuration": 162.51554404145077,
	"stdDuration": 84.64592591847372,
	"totalNumberSaccades": 1157,
	"sumSaccadeLengths": 138931.11051662744,
	"meanSaccadeLength": 120.0787472053824,
	"stdSaccadeLengths": 138931.11051662732,
	"totalSaccadeDuration": 595330.0,
	"meanSaccadeDuration": 514.5462402765774,
	"stdSaccadeDurations": 1184.9176948539425,
	"scanpathDuration": 1184.9176948539425,
	"fixationSaccadeRatio:": 0.3161154317773336,
	"sumAbsoluteDegrees": 40918.964342104286,
	"meanAbsoluteDegrees": 35.3664341764082,
	"sumRelativeDegrees": 124493.75560999283,
	"meanRelativeDegrees": 107.69356021625677,
	"convex hull area": 839936.0
}