{
	"totalFixation": 3345,
	"sumDuration": 904390.0,
	"meanDuration": 270.37070254110614,
	"stdDuration": 234.40547462409327,
	"totalNumberSaccades": 3344,
	"sumSaccadeLengths": 339987.57017828303,
	"meanSaccadeLength": 101.67092409637651,
	"stdSaccadeLengths": 339987.5701782822,
	"totalSaccadeDuration": 420117.0,
	"meanSaccadeDuration": 125.63307416267942,
	"stdSaccadeDurations": 216.3803630098172,
	"scanpathDuration": 216.3803630098172,
	"fixationSaccadeRatio:": 2.152709840353997,
	"sumAbsoluteDegrees": 121371.98805884882,
	"meanAbsoluteDegrees": 36.29545097453613,
	"sumRelativeDegrees": 355391.1885363142,
	"meanRelativeDegrees": 106.30906028606466,
	"convex hull area": 972932.0
}