{
	"total fix": "3345",
	"sum duration": 904390.0,
	"mean duration": 270.37070254110614,
	"std of duration": 234.40547462409327,
	"total number saccades": 3344,
	"sum of saccade lengths": 339987.57017828303,
	"mean saccade length": 101.67092409637651,
	"StDev of saccade lengths": 339987.5701782822,
	"total saccade duration": 420117.0,
	"mean saccade duration": 125.63307416267942,
	"Stdev saccade durations": 216.3803630098172,
	"scanpath duration": 216.3803630098172,
	"fixation to saccade ratio:": 2.152709840353997,
	"sum of absolute degrees": 121371.98805884882,
	"mean of absolute degrees": 36.29545097453613,
	"sum of relative degrees": 355391.1885363142,
	"mean of relative degrees": 106.30906028606466,
	"convex hull area": 972932.0
}