{
	"totalFixation": 11294,
	"sumDuration": 2926768.0,
	"meanDuration": 259.14361607933415,
	"stdDuration": 190.59104615534346,
	"totalNumberSaccades": 11293,
	"sumSaccadeLengths": 1492083.2959064404,
	"meanSaccadeLength": 132.12461665690608,
	"stdSaccadeLengths": 1492083.2959064248,
	"totalSaccadeDuration": 1402559.0,
	"meanSaccadeDuration": 124.19720180642877,
	"stdSaccadeDurations": 274.23471170081245,
	"scanpathDuration": 274.23471170081245,
	"fixationSaccadeRatio:": 2.0867343191979804,
	"sumAbsoluteDegrees": 381465.08754587953,
	"meanAbsoluteDegrees": 33.77889732983968,
	"sumRelativeDegrees": 1254303.4078661178,
	"meanRelativeDegrees": 111.07894153968454,
	"convex hull area": 1141067.0
}