{
	"total fix": "11294",
	"sum duration": 2926768.0,
	"mean duration": 259.14361607933415,
	"std of duration": 190.59104615534346,
	"total number saccades": 11293,
	"sum of saccade lengths": 1492083.2959064404,
	"mean saccade length": 132.12461665690608,
	"StDev of saccade lengths": 1492083.2959064248,
	"total saccade duration": 1402559.0,
	"mean saccade duration": 124.19720180642877,
	"Stdev saccade durations": 274.23471170081245,
	"scanpath duration": 274.23471170081245,
	"fixation to saccade ratio:": 2.0867343191979804,
	"sum of absolute degrees": 381465.08754587953,
	"mean of absolute degrees": 33.77889732983968,
	"sum of relative degrees": 1254303.4078661178,
	"mean of relative degrees": 111.07894153968454,
	"convex hull area": 1141067.0
}