{
	"totalFixation": 2422,
	"sumDuration": 357453.0,
	"meanDuration": 147.5858794384806,
	"stdDuration": 62.344360981324606,
	"totalNumberSaccades": 2421,
	"sumSaccadeLengths": 334228.4466362496,
	"meanSaccadeLength": 138.05388130369664,
	"stdSaccadeLengths": 334228.4466362498,
	"totalSaccadeDuration": 1927822.0,
	"meanSaccadeDuration": 796.2916150351094,
	"stdSaccadeDurations": 2085.0088215640503,
	"scanpathDuration": 2085.0088215640503,
	"fixationSaccadeRatio:": 0.18541805208157183,
	"sumAbsoluteDegrees": 95210.9471504881,
	"meanAbsoluteDegrees": 39.32711571684762,
	"sumRelativeDegrees": 245609.69736113393,
	"meanRelativeDegrees": 101.4916104798074,
	"convex hull area": 921035.5
}