{
	"total fix": "1000",
	"sum duration": 303950.0,
	"mean duration": 303.95,
	"std of duration": 225.66992802856134,
	"total number saccades": 999,
	"sum of saccade lengths": 121749.29214627149,
	"mean saccade length": 121.87116330958106,
	"StDev of saccade lengths": 121749.29214627152,
	"total saccade duration": 59271.0,
	"mean saccade duration": 59.330330330330334,
	"Stdev saccade durations": 107.27640675322216,
	"scanpath duration": 107.27640675322216,
	"fixation to saccade ratio:": 5.128140237215502,
	"sum of absolute degrees": 30460.20268052755,
	"mean of absolute degrees": 30.49069337390145,
	"sum of relative degrees": 117454.28004684045,
	"mean of relative degrees": 117.68965936557159,
	"convex hull area": 896036.0
}