{
	"totalFixation": 1000,
	"sumDuration": 303950.0,
	"meanDuration": 303.95,
	"stdDuration": 225.66992802856134,
	"totalNumberSaccades": 999,
	"sumSaccadeLengths": 121749.29214627149,
	"meanSaccadeLength": 121.87116330958106,
	"stdSaccadeLengths": 121749.29214627152,
	"totalSaccadeDuration": 59271.0,
	"meanSaccadeDuration": 59.330330330330334,
	"stdSaccadeDurations": 107.27640675322216,
	"scanpathDuration": 107.27640675322216,
	"fixationSaccadeRatio:": 5.128140237215502,
	"sumAbsoluteDegrees": 30460.20268052755,
	"meanAbsoluteDegrees": 30.49069337390145,
	"sumRelativeDegrees": 117454.28004684045,
	"meanRelativeDegrees": 117.68965936557159,
	"convex hull area": 896036.0
}