{
	"totalFixation": 8908,
	"sumDuration": 2148624.0,
	"meanDuration": 241.20161652447237,
	"stdDuration": 187.0684887979458,
	"totalNumberSaccades": 8907,
	"sumSaccadeLengths": 1045774.9604932711,
	"meanSaccadeLength": 117.41045924478176,
	"stdSaccadeLengths": 1045774.9604932679,
	"totalSaccadeDuration": 1352222.0,
	"meanSaccadeDuration": 151.8156506118783,
	"stdSaccadeDurations": 280.10175144591625,
	"scanpathDuration": 280.10175144591625,
	"fixationSaccadeRatio:": 1.5889580261229295,
	"sumAbsoluteDegrees": 346939.73553133325,
	"meanAbsoluteDegrees": 38.951356857677474,
	"sumRelativeDegrees": 905860.2883439953,
	"meanRelativeDegrees": 101.71348398203406,
	"convex hull area": 1132215.0
}