{
	"totalFixation": 5772,
	"sumDuration": 1615332.0,
	"meanDuration": 279.85654885654884,
	"stdDuration": 216.3876942990466,
	"totalNumberSaccades": 5771,
	"sumSaccadeLengths": 811677.149922136,
	"meanSaccadeLength": 140.64757406379067,
	"stdSaccadeLengths": 811677.1499221346,
	"totalSaccadeDuration": 768854.0,
	"meanSaccadeDuration": 133.22717033443078,
	"stdSaccadeDurations": 322.258421652204,
	"scanpathDuration": 322.258421652204,
	"fixationSaccadeRatio:": 2.100960650526628,
	"sumAbsoluteDegrees": 209040.72699072293,
	"meanAbsoluteDegrees": 36.22261774228434,
	"sumRelativeDegrees": 613849.6474450538,
	"meanRelativeDegrees": 106.38642070104919,
	"convex hull area": 1082575.0
}