{
	"total fix": "5772",
	"sum duration": 1615332.0,
	"mean duration": 279.85654885654884,
	"std of duration": 216.3876942990466,
	"total number saccades": 5771,
	"sum of saccade lengths": 811677.149922136,
	"mean saccade length": 140.64757406379067,
	"StDev of saccade lengths": 811677.1499221346,
	"total saccade duration": 768854.0,
	"mean saccade duration": 133.22717033443078,
	"Stdev saccade durations": 322.258421652204,
	"scanpath duration": 322.258421652204,
	"fixation to saccade ratio:": 2.100960650526628,
	"sum of absolute degrees": 209040.72699072293,
	"mean of absolute degrees": 36.22261774228434,
	"sum of relative degrees": 613849.6474450538,
	"mean of relative degrees": 106.38642070104919,
	"convex hull area": 1082575.0
}