{
	"totalFixation": 3568,
	"sumDuration": 899321.0,
	"meanDuration": 252.05184977578475,
	"stdDuration": 205.32131813415134,
	"totalNumberSaccades": 3567,
	"sumSaccadeLengths": 449181.23810306954,
	"meanSaccadeLength": 125.92689601992417,
	"stdSaccadeLengths": 449181.23810306756,
	"totalSaccadeDuration": 2011514.0,
	"meanSaccadeDuration": 563.9231847490888,
	"stdSaccadeDurations": 13649.262083137546,
	"scanpathDuration": 13649.262083137546,
	"fixationSaccadeRatio:": 0.44708662231533064,
	"sumAbsoluteDegrees": 141143.5633055739,
	"meanAbsoluteDegrees": 39.56926361244012,
	"sumRelativeDegrees": 356657.3969070564,
	"meanRelativeDegrees": 100.0160955992867,
	"convex hull area": 1107568.0
}