{
	"total fix": "4210",
	"sum duration": 681018.0,
	"mean duration": 161.76199524940617,
	"std of duration": 80.54274422172685,
	"total number saccades": 4209,
	"sum of saccade lengths": 603219.4192444452,
	"mean saccade length": 143.31656432512358,
	"StDev of saccade lengths": 603219.4192444436,
	"total saccade duration": 1955079.0,
	"mean saccade duration": 464.49964362081255,
	"Stdev saccade durations": 735.2788968431835,
	"scanpath duration": 735.2788968431835,
	"fixation to saccade ratio:": 0.3483327272197185,
	"sum of absolute degrees": 154694.45889277066,
	"mean of absolute degrees": 36.75325704271101,
	"sum of relative degrees": 446053.3356829849,
	"mean of relative degrees": 106.00126798550022,
	"convex hull area": 1751212.0
}