{
	"totalFixation": 4210,
	"sumDuration": 681018.0,
	"meanDuration": 161.76199524940617,
	"stdDuration": 80.54274422172685,
	"totalNumberSaccades": 4209,
	"sumSaccadeLengths": 603219.4192444452,
	"meanSaccadeLength": 143.31656432512358,
	"stdSaccadeLengths": 603219.4192444436,
	"totalSaccadeDuration": 1955079.0,
	"meanSaccadeDuration": 464.49964362081255,
	"stdSaccadeDurations": 735.2788968431835,
	"scanpathDuration": 735.2788968431835,
	"fixationSaccadeRatio:": 0.3483327272197185,
	"sumAbsoluteDegrees": 154694.45889277066,
	"meanAbsoluteDegrees": 36.75325704271101,
	"sumRelativeDegrees": 446053.3356829849,
	"meanRelativeDegrees": 106.00126798550022,
	"convex hull area": 1751212.0
}