{
	"totalFixation": 2340,
	"sumDuration": 350630.0,
	"meanDuration": 149.84188034188034,
	"stdDuration": 68.09666536622936,
	"totalNumberSaccades": 2339,
	"sumSaccadeLengths": 321753.78255786706,
	"meanSaccadeLength": 137.5604029747187,
	"stdSaccadeLengths": 321753.7825578669,
	"totalSaccadeDuration": 1255795.0,
	"meanSaccadeDuration": 536.8939717828132,
	"stdSaccadeDurations": 961.6231963797754,
	"scanpathDuration": 961.6231963797754,
	"fixationSaccadeRatio:": 0.27920958436687515,
	"sumAbsoluteDegrees": 96270.64484642794,
	"meanAbsoluteDegrees": 41.158890485860596,
	"sumRelativeDegrees": 228010.77669713233,
	"meanRelativeDegrees": 97.5238565855998,
	"convex hull area": 1080310.0
}