{
	"totalFixation": 3763,
	"sumDuration": 800892.0,
	"meanDuration": 212.833377624236,
	"stdDuration": 151.76259697101284,
	"totalNumberSaccades": 3762,
	"sumSaccadeLengths": 379906.50062328664,
	"meanSaccadeLength": 100.98524737461102,
	"stdSaccadeLengths": 379906.5006232853,
	"totalSaccadeDuration": 1476111.0,
	"meanSaccadeDuration": 392.3740031897927,
	"stdSaccadeDurations": 1488.871060224607,
	"scanpathDuration": 1488.871060224607,
	"fixationSaccadeRatio:": 0.5425689531478324,
	"sumAbsoluteDegrees": 136113.46901080792,
	"meanAbsoluteDegrees": 36.18114540425516,
	"sumRelativeDegrees": 399905.7205548621,
	"meanRelativeDegrees": 106.329625247238,
	"convex hull area": 1142626.5
}