{
	"total fix": "3763",
	"sum duration": 800892.0,
	"mean duration": 212.833377624236,
	"std of duration": 151.76259697101284,
	"total number saccades": 3762,
	"sum of saccade lengths": 379906.50062328664,
	"mean saccade length": 100.98524737461102,
	"StDev of saccade lengths": 379906.5006232853,
	"total saccade duration": 1476111.0,
	"mean saccade duration": 392.3740031897927,
	"Stdev saccade durations": 1488.871060224607,
	"scanpath duration": 1488.871060224607,
	"fixation to saccade ratio:": 0.5425689531478324,
	"sum of absolute degrees": 136113.46901080792,
	"mean of absolute degrees": 36.18114540425516,
	"sum of relative degrees": 399905.7205548621,
	"mean of relative degrees": 106.329625247238,
	"convex hull area": 1142626.5
}