{
	"totalFixation": 7967,
	"sumDuration": 2462609.0,
	"meanDuration": 309.1011673151751,
	"stdDuration": 249.34514092806347,
	"totalNumberSaccades": 7966,
	"sumSaccadeLengths": 976608.4630925176,
	"meanSaccadeLength": 122.59709554262083,
	"stdSaccadeLengths": 976608.4630925137,
	"totalSaccadeDuration": 553672.0,
	"meanSaccadeDuration": 69.50439367311073,
	"stdSaccadeDurations": 96.28650706792831,
	"scanpathDuration": 96.28650706792831,
	"fixationSaccadeRatio:": 4.447775939545435,
	"sumAbsoluteDegrees": 302852.4327756618,
	"meanAbsoluteDegrees": 38.01813115436377,
	"sumRelativeDegrees": 823147.6649302046,
	"meanRelativeDegrees": 103.3455950948154,
	"convex hull area": 1186442.5
}