{
	"total fix": "7967",
	"sum duration": 2462609.0,
	"mean duration": 309.1011673151751,
	"std of duration": 249.34514092806347,
	"total number saccades": 7966,
	"sum of saccade lengths": 976608.4630925176,
	"mean saccade length": 122.59709554262083,
	"StDev of saccade lengths": 976608.4630925137,
	"total saccade duration": 553672.0,
	"mean saccade duration": 69.50439367311073,
	"Stdev saccade durations": 96.28650706792831,
	"scanpath duration": 96.28650706792831,
	"fixation to saccade ratio:": 4.447775939545435,
	"sum of absolute degrees": 302852.4327756618,
	"mean of absolute degrees": 38.01813115436377,
	"sum of relative degrees": 823147.6649302046,
	"mean of relative degrees": 103.3455950948154,
	"convex hull area": 1186442.5
}