{
	"totalFixation": 1604,
	"sumDuration": 274515.0,
	"meanDuration": 171.1440149625935,
	"stdDuration": 159.24267456529907,
	"totalNumberSaccades": 1603,
	"sumSaccadeLengths": 210346.1376408082,
	"meanSaccadeLength": 131.22029796681736,
	"stdSaccadeLengths": 210346.13764080827,
	"totalSaccadeDuration": 1350291.0,
	"meanSaccadeDuration": 842.3524641297568,
	"stdSaccadeDurations": 5460.545697731576,
	"scanpathDuration": 5460.545697731576,
	"fixationSaccadeRatio:": 0.20330062186595335,
	"sumAbsoluteDegrees": 70858.33888914392,
	"meanAbsoluteDegrees": 44.2035800930405,
	"sumRelativeDegrees": 147528.71317777573,
	"meanRelativeDegrees": 92.09033282008473,
	"convex hull area": 947374.0
}