{
	"total fix": "1604",
	"sum duration": 274515.0,
	"mean duration": 171.1440149625935,
	"std of duration": 159.24267456529907,
	"total number saccades": 1603,
	"sum of saccade lengths": 210346.1376408082,
	"mean saccade length": 131.22029796681736,
	"StDev of saccade lengths": 210346.13764080827,
	"total saccade duration": 1350291.0,
	"mean saccade duration": 842.3524641297568,
	"Stdev saccade durations": 5460.545697731576,
	"scanpath duration": 5460.545697731576,
	"fixation to saccade ratio:": 0.20330062186595335,
	"sum of absolute degrees": 70858.33888914392,
	"mean of absolute degrees": 44.2035800930405,
	"sum of relative degrees": 147528.71317777573,
	"mean of relative degrees": 92.09033282008473,
	"convex hull area": 947374.0
}