{
	"totalFixation": 2467,
	"sumDuration": 559282.0,
	"meanDuration": 226.70531009323065,
	"stdDuration": 151.66480675905373,
	"totalNumberSaccades": 2466,
	"sumSaccadeLengths": 263107.5562835401,
	"meanSaccadeLength": 106.69406175326037,
	"stdSaccadeLengths": 263107.55628353945,
	"totalSaccadeDuration": 646498.0,
	"meanSaccadeDuration": 262.1646390916464,
	"stdSaccadeDurations": 4374.620730713562,
	"scanpathDuration": 4374.620730713562,
	"fixationSaccadeRatio:": 0.865094710269792,
	"sumAbsoluteDegrees": 90404.338066978,
	"meanAbsoluteDegrees": 36.66031551783374,
	"sumRelativeDegrees": 260764.17498757417,
	"meanRelativeDegrees": 105.78668356493881,
	"convex hull area": 1508083.0
}