{
	"total fix": "1152",
	"sum duration": 165166.0,
	"mean duration": 143.37326388888889,
	"std of duration": 53.99977070234629,
	"total number saccades": 1151,
	"sum of saccade lengths": 186921.1624853262,
	"mean saccade length": 162.39892483520956,
	"StDev of saccade lengths": 186921.1624853262,
	"total saccade duration": 771717.0,
	"mean saccade duration": 670.4752389226759,
	"Stdev saccade durations": 1858.7383109879083,
	"scanpath duration": 1858.7383109879083,
	"fixation to saccade ratio:": 0.21402405285875523,
	"sum of absolute degrees": 44823.66619923708,
	"mean of absolute degrees": 38.943237358155585,
	"sum of relative degrees": 115824.3694062673,
	"mean of relative degrees": 100.71684296197157,
	"convex hull area": 818782.0
}