{
	"totalFixation": 1152,
	"sumDuration": 165166.0,
	"meanDuration": 143.37326388888889,
	"stdDuration": 53.99977070234629,
	"totalNumberSaccades": 1151,
	"sumSaccadeLengths": 186921.1624853262,
	"meanSaccadeLength": 162.39892483520956,
	"stdSaccadeLengths": 186921.1624853262,
	"totalSaccadeDuration": 771717.0,
	"meanSaccadeDuration": 670.4752389226759,
	"stdSaccadeDurations": 1858.7383109879083,
	"scanpathDuration": 1858.7383109879083,
	"fixationSaccadeRatio:": 0.21402405285875523,
	"sumAbsoluteDegrees": 44823.66619923708,
	"meanAbsoluteDegrees": 38.943237358155585,
	"sumRelativeDegrees": 115824.3694062673,
	"meanRelativeDegrees": 100.71684296197157,
	"convex hull area": 818782.0
}