{
	"totalFixation": 5491,
	"sumDuration": 1614999.0,
	"meanDuration": 294.1174649426334,
	"stdDuration": 230.48596527455894,
	"totalNumberSaccades": 5490,
	"sumSaccadeLengths": 936609.9482846954,
	"meanSaccadeLength": 170.60290496988986,
	"stdSaccadeLengths": 936609.9482846955,
	"totalSaccadeDuration": 477621.0,
	"meanSaccadeDuration": 86.9983606557377,
	"stdSaccadeDurations": 153.97954036027602,
	"scanpathDuration": 153.97954036027602,
	"fixationSaccadeRatio:": 3.381340016456563,
	"sumAbsoluteDegrees": 184529.35803814247,
	"meanAbsoluteDegrees": 33.611904924980415,
	"sumRelativeDegrees": 611615.0527617487,
	"meanRelativeDegrees": 111.4255880418562,
	"convex hull area": 1267308.0
}