{
	"total fix": "5491",
	"sum duration": 1614999.0,
	"mean duration": 294.1174649426334,
	"std of duration": 230.48596527455894,
	"total number saccades": 5490,
	"sum of saccade lengths": 936609.9482846954,
	"mean saccade length": 170.60290496988986,
	"StDev of saccade lengths": 936609.9482846955,
	"total saccade duration": 477621.0,
	"mean saccade duration": 86.9983606557377,
	"Stdev saccade durations": 153.97954036027602,
	"scanpath duration": 153.97954036027602,
	"fixation to saccade ratio:": 3.381340016456563,
	"sum of absolute degrees": 184529.35803814247,
	"mean of absolute degrees": 33.611904924980415,
	"sum of relative degrees": 611615.0527617487,
	"mean of relative degrees": 111.4255880418562,
	"convex hull area": 1267308.0
}