{
	"totalFixation": 1007,
	"sumDuration": 176760.0,
	"meanDuration": 175.5312810327706,
	"stdDuration": 107.23433011547928,
	"totalNumberSaccades": 1006,
	"sumSaccadeLengths": 136636.45738956664,
	"meanSaccadeLength": 135.82152822024517,
	"stdSaccadeLengths": 136636.4573895666,
	"totalSaccadeDuration": 340539.0,
	"meanSaccadeDuration": 338.5079522862823,
	"stdSaccadeDurations": 608.4893041541744,
	"scanpathDuration": 608.4893041541744,
	"fixationSaccadeRatio:": 0.5190594909834116,
	"sumAbsoluteDegrees": 31665.543585384,
	"meanAbsoluteDegrees": 31.476683484477135,
	"sumRelativeDegrees": 115989.11474971008,
	"meanRelativeDegrees": 115.41205447732345,
	"convex hull area": 850107.5
}