{
	"totalFixation": 1347,
	"sumDuration": 357818.0,
	"meanDuration": 265.6406829992576,
	"stdDuration": 245.15314692287737,
	"totalNumberSaccades": 1346,
	"sumSaccadeLengths": 174723.64232985472,
	"meanSaccadeLength": 129.8095411068757,
	"stdSaccadeLengths": 174723.64232985486,
	"totalSaccadeDuration": 473116.0,
	"meanSaccadeDuration": 351.49777117384843,
	"stdSaccadeDurations": 857.2207510205053,
	"scanpathDuration": 857.2207510205053,
	"fixationSaccadeRatio:": 0.7563007803583054,
	"sumAbsoluteDegrees": 45188.848916068106,
	"meanAbsoluteDegrees": 33.572696074344805,
	"sumRelativeDegrees": 149643.72325328205,
	"meanRelativeDegrees": 111.25927379426174,
	"convex hull area": 940102.5
}