{
	"totalFixation": 1847,
	"sumDuration": 362232.0,
	"meanDuration": 196.11911207363292,
	"stdDuration": 128.56486741293568,
	"totalNumberSaccades": 1846,
	"sumSaccadeLengths": 225869.12239922263,
	"meanSaccadeLength": 122.35597096382591,
	"stdSaccadeLengths": 225869.12239922245,
	"totalSaccadeDuration": 435727.0,
	"meanSaccadeDuration": 236.03846153846155,
	"stdSaccadeDurations": 394.97259502835254,
	"scanpathDuration": 394.97259502835254,
	"fixationSaccadeRatio:": 0.8313278727276483,
	"sumAbsoluteDegrees": 74788.81929580585,
	"meanAbsoluteDegrees": 40.51398661744629,
	"sumRelativeDegrees": 181666.80814732786,
	"meanRelativeDegrees": 98.4643946597983,
	"convex hull area": 1097794.5
}