{
	"totalFixation": 2647,
	"sumDuration": 402613.0,
	"meanDuration": 152.10162448054402,
	"stdDuration": 68.11045357541673,
	"totalNumberSaccades": 2646,
	"sumSaccadeLengths": 425894.359246147,
	"meanSaccadeLength": 160.95780772719084,
	"stdSaccadeLengths": 425894.3592461468,
	"totalSaccadeDuration": 1125335.0,
	"meanSaccadeDuration": 425.2966742252457,
	"stdSaccadeDurations": 637.4517232502848,
	"scanpathDuration": 637.4517232502848,
	"fixationSaccadeRatio:": 0.3577716857646834,
	"sumAbsoluteDegrees": 101508.85595836292,
	"meanAbsoluteDegrees": 38.36313528282801,
	"sumRelativeDegrees": 271369.57979267434,
	"meanRelativeDegrees": 102.59719462861034,
	"convex hull area": 956960.0
}