{
	"total fix": "2647",
	"sum duration": 402613.0,
	"mean duration": 152.10162448054402,
	"std of duration": 68.11045357541673,
	"total number saccades": 2646,
	"sum of saccade lengths": 425894.359246147,
	"mean saccade length": 160.95780772719084,
	"StDev of saccade lengths": 425894.3592461468,
	"total saccade duration": 1125335.0,
	"mean saccade duration": 425.2966742252457,
	"Stdev saccade durations": 637.4517232502848,
	"scanpath duration": 637.4517232502848,
	"fixation to saccade ratio:": 0.3577716857646834,
	"sum of absolute degrees": 101508.85595836292,
	"mean of absolute degrees": 38.36313528282801,
	"sum of relative degrees": 271369.57979267434,
	"mean of relative degrees": 102.59719462861034,
	"convex hull area": 956960.0
}