{
	"totalFixation": 2262,
	"sumDuration": 672829.0,
	"meanDuration": 297.44871794871796,
	"stdDuration": 274.2286674121474,
	"totalNumberSaccades": 2261,
	"sumSaccadeLengths": 323198.09513717133,
	"meanSaccadeLength": 142.94475680547163,
	"stdSaccadeLengths": 323198.0951371709,
	"totalSaccadeDuration": 251991.0,
	"meanSaccadeDuration": 111.45112781954887,
	"stdSaccadeDurations": 181.25833255136928,
	"scanpathDuration": 181.25833255136928,
	"fixationSaccadeRatio:": 2.6700517081959276,
	"sumAbsoluteDegrees": 83426.87250894135,
	"meanAbsoluteDegrees": 36.898218712490646,
	"sumRelativeDegrees": 236802.74435112288,
	"meanRelativeDegrees": 104.77997537660305,
	"convex hull area": 1250976.0
}