{
	"totalFixation": 1824,
	"sumDuration": 604093.0,
	"meanDuration": 331.19133771929825,
	"stdDuration": 275.4409084241771,
	"totalNumberSaccades": 1823,
	"sumSaccadeLengths": 248624.040366921,
	"meanSaccadeLength": 136.38181040423532,
	"stdSaccadeLengths": 248624.04036692076,
	"totalSaccadeDuration": 168924.0,
	"meanSaccadeDuration": 92.66264399341745,
	"stdSaccadeDurations": 311.90184952238775,
	"scanpathDuration": 311.90184952238775,
	"fixationSaccadeRatio:": 3.5761229902204543,
	"sumAbsoluteDegrees": 73087.14691463472,
	"meanAbsoluteDegrees": 40.0916878302988,
	"sumRelativeDegrees": 180527.75746188784,
	"meanRelativeDegrees": 99.08219399664536,
	"convex hull area": 658381.5
}