{
	"total fix": "1824",
	"sum duration": 604093.0,
	"mean duration": 331.19133771929825,
	"std of duration": 275.4409084241771,
	"total number saccades": 1823,
	"sum of saccade lengths": 248624.040366921,
	"mean saccade length": 136.38181040423532,
	"StDev of saccade lengths": 248624.04036692076,
	"total saccade duration": 168924.0,
	"mean saccade duration": 92.66264399341745,
	"Stdev saccade durations": 311.90184952238775,
	"scanpath duration": 311.90184952238775,
	"fixation to saccade ratio:": 3.5761229902204543,
	"sum of absolute degrees": 73087.14691463472,
	"mean of absolute degrees": 40.0916878302988,
	"sum of relative degrees": 180527.75746188784,
	"mean of relative degrees": 99.08219399664536,
	"convex hull area": 658381.5
}