{
	"totalFixation": 4788,
	"sumDuration": 1565245.0,
	"meanDuration": 326.90998329156224,
	"stdDuration": 250.4878249530657,
	"totalNumberSaccades": 4787,
	"sumSaccadeLengths": 875934.6490580766,
	"meanSaccadeLength": 182.98196136579833,
	"stdSaccadeLengths": 875934.6490580753,
	"totalSaccadeDuration": 459428.0,
	"meanSaccadeDuration": 95.974096511385,
	"stdSaccadeDurations": 147.31242458212986,
	"scanpathDuration": 147.31242458212986,
	"fixationSaccadeRatio:": 3.4069429812723646,
	"sumAbsoluteDegrees": 146765.31394048702,
	"meanAbsoluteDegrees": 30.65914224785607,
	"sumRelativeDegrees": 560233.0544932303,
	"meanRelativeDegrees": 117.05663487113044,
	"convex hull area": 1043844.5
}