{
	"total fix": "4788",
	"sum duration": 1565245.0,
	"mean duration": 326.90998329156224,
	"std of duration": 250.4878249530657,
	"total number saccades": 4787,
	"sum of saccade lengths": 875934.6490580766,
	"mean saccade length": 182.98196136579833,
	"StDev of saccade lengths": 875934.6490580753,
	"total saccade duration": 459428.0,
	"mean saccade duration": 95.974096511385,
	"Stdev saccade durations": 147.31242458212986,
	"scanpath duration": 147.31242458212986,
	"fixation to saccade ratio:": 3.4069429812723646,
	"sum of absolute degrees": 146765.31394048702,
	"mean of absolute degrees": 30.65914224785607,
	"sum of relative degrees": 560233.0544932303,
	"mean of relative degrees": 117.05663487113044,
	"convex hull area": 1043844.5
}