{
	"totalFixation": 1614,
	"sumDuration": 567699.0,
	"meanDuration": 351.7342007434944,
	"stdDuration": 301.412266839685,
	"totalNumberSaccades": 1613,
	"sumSaccadeLengths": 257950.25147734466,
	"meanSaccadeLength": 159.91956074230916,
	"stdSaccadeLengths": 257950.25147734402,
	"totalSaccadeDuration": 202986.0,
	"meanSaccadeDuration": 125.84376937383757,
	"stdSaccadeDurations": 718.1788099911291,
	"scanpathDuration": 718.1788099911291,
	"fixationSaccadeRatio:": 2.796739676627945,
	"sumAbsoluteDegrees": 61801.547048221735,
	"meanAbsoluteDegrees": 38.31466029028006,
	"sumRelativeDegrees": 165798.0473264399,
	"meanRelativeDegrees": 102.85238667893294,
	"convex hull area": 1000468.5
}