{
	"totalFixation": 410,
	"sumDuration": 56019.0,
	"meanDuration": 136.63170731707316,
	"stdDuration": 49.238489223764994,
	"totalNumberSaccades": 409,
	"sumSaccadeLengths": 87992.15360242882,
	"meanSaccadeLength": 215.13973985923917,
	"stdSaccadeLengths": 87992.1536024289,
	"totalSaccadeDuration": 834629.0,
	"meanSaccadeDuration": 2040.6577017114914,
	"stdSaccadeDurations": 3180.8580210678633,
	"scanpathDuration": 3180.8580210678633,
	"fixationSaccadeRatio:": 0.06711844424289115,
	"sumAbsoluteDegrees": 13158.969007178786,
	"meanAbsoluteDegrees": 32.17351835496036,
	"sumRelativeDegrees": 46393.775754698974,
	"meanRelativeDegrees": 113.71023469288964,
	"convex hull area": 572303.0
}