{
	"totalFixation": 2849,
	"sumDuration": 570506.0,
	"meanDuration": 200.24780624780624,
	"stdDuration": 136.78067083180483,
	"totalNumberSaccades": 2848,
	"sumSaccadeLengths": 350796.1558978239,
	"meanSaccadeLength": 123.17280754839322,
	"stdSaccadeLengths": 350796.1558978224,
	"totalSaccadeDuration": 512200.0,
	"meanSaccadeDuration": 179.84550561797752,
	"stdSaccadeDurations": 252.72182959741636,
	"scanpathDuration": 252.72182959741636,
	"fixationSaccadeRatio:": 1.113834439672003,
	"sumAbsoluteDegrees": 110876.79353976625,
	"meanAbsoluteDegrees": 38.931458405816805,
	"sumRelativeDegrees": 289966.7501414769,
	"meanRelativeDegrees": 101.84992980030802,
	"convex hull area": 1116069.0
}