{
	"total fix": "2849",
	"sum duration": 570506.0,
	"mean duration": 200.24780624780624,
	"std of duration": 136.78067083180483,
	"total number saccades": 2848,
	"sum of saccade lengths": 350796.1558978239,
	"mean saccade length": 123.17280754839322,
	"StDev of saccade lengths": 350796.1558978224,
	"total saccade duration": 512200.0,
	"mean saccade duration": 179.84550561797752,
	"Stdev saccade durations": 252.72182959741636,
	"scanpath duration": 252.72182959741636,
	"fixation to saccade ratio:": 1.113834439672003,
	"sum of absolute degrees": 110876.79353976625,
	"mean of absolute degrees": 38.931458405816805,
	"sum of relative degrees": 289966.7501414769,
	"mean of relative degrees": 101.84992980030802,
	"convex hull area": 1116069.0
}