{
	"totalFixation": 1018,
	"sumDuration": 227707.0,
	"meanDuration": 223.68074656188605,
	"stdDuration": 159.51216572842128,
	"totalNumberSaccades": 1017,
	"sumSaccadeLengths": 123873.32273179472,
	"meanSaccadeLength": 121.80267721907052,
	"stdSaccadeLengths": 123873.32273179473,
	"totalSaccadeDuration": 298862.0,
	"meanSaccadeDuration": 293.86627335299903,
	"stdSaccadeDurations": 712.9115897890064,
	"scanpathDuration": 712.9115897890064,
	"fixationSaccadeRatio:": 0.7619135253059941,
	"sumAbsoluteDegrees": 38052.540101808,
	"meanAbsoluteDegrees": 37.41646027709734,
	"sumRelativeDegrees": 106828.49157337131,
	"meanRelativeDegrees": 105.14615312339696,
	"convex hull area": 711206.5
}