{
	"total fix": "1018",
	"sum duration": 227707.0,
	"mean duration": 223.68074656188605,
	"std of duration": 159.51216572842128,
	"total number saccades": 1017,
	"sum of saccade lengths": 123873.32273179472,
	"mean saccade length": 121.80267721907052,
	"StDev of saccade lengths": 123873.32273179473,
	"total saccade duration": 298862.0,
	"mean saccade duration": 293.86627335299903,
	"Stdev saccade durations": 712.9115897890064,
	"scanpath duration": 712.9115897890064,
	"fixation to saccade ratio:": 0.7619135253059941,
	"sum of absolute degrees": 38052.540101808,
	"mean of absolute degrees": 37.41646027709734,
	"sum of relative degrees": 106828.49157337131,
	"mean of relative degrees": 105.14615312339696,
	"convex hull area": 711206.5
}