{
	"totalFixation": 1564,
	"sumDuration": 515632.0,
	"meanDuration": 329.68797953964196,
	"stdDuration": 275.8449611070464,
	"totalNumberSaccades": 1563,
	"sumSaccadeLengths": 211030.4672459696,
	"meanSaccadeLength": 135.01629382339706,
	"stdSaccadeLengths": 211030.46724596954,
	"totalSaccadeDuration": 112439.0,
	"meanSaccadeDuration": 71.93793985924505,
	"stdSaccadeDurations": 110.69164752759276,
	"scanpathDuration": 110.69164752759276,
	"fixationSaccadeRatio:": 4.585882122751003,
	"sumAbsoluteDegrees": 58272.18426373375,
	"meanAbsoluteDegrees": 37.28226760315659,
	"sumRelativeDegrees": 162782.38391139806,
	"meanRelativeDegrees": 104.21407420704101,
	"convex hull area": 1104547.5
}