{
	"totalFixation": 2445,
	"sumDuration": 498604.0,
	"meanDuration": 203.9280163599182,
	"stdDuration": 152.53372535090935,
	"totalNumberSaccades": 2444,
	"sumSaccadeLengths": 308060.14244015544,
	"meanSaccadeLength": 126.04752145669208,
	"stdSaccadeLengths": 308060.14244015544,
	"totalSaccadeDuration": 815417.0,
	"meanSaccadeDuration": 333.64034369885434,
	"stdSaccadeDurations": 790.9699116209729,
	"scanpathDuration": 790.9699116209729,
	"fixationSaccadeRatio:": 0.6114711859085596,
	"sumAbsoluteDegrees": 94225.34189783344,
	"meanAbsoluteDegrees": 38.55374054739502,
	"sumRelativeDegrees": 250225.76691733298,
	"meanRelativeDegrees": 102.42561069068071,
	"convex hull area": 970325.0
}