{
	"total fix": "2445",
	"sum duration": 498604.0,
	"mean duration": 203.9280163599182,
	"std of duration": 152.53372535090935,
	"total number saccades": 2444,
	"sum of saccade lengths": 308060.14244015544,
	"mean saccade length": 126.04752145669208,
	"StDev of saccade lengths": 308060.14244015544,
	"total saccade duration": 815417.0,
	"mean saccade duration": 333.64034369885434,
	"Stdev saccade durations": 790.9699116209729,
	"scanpath duration": 790.9699116209729,
	"fixation to saccade ratio:": 0.6114711859085596,
	"sum of absolute degrees": 94225.34189783344,
	"mean of absolute degrees": 38.55374054739502,
	"sum of relative degrees": 250225.76691733298,
	"mean of relative degrees": 102.42561069068071,
	"convex hull area": 970325.0
}