{
	"totalFixation": 2711,
	"sumDuration": 673240.0,
	"meanDuration": 248.3364072298045,
	"stdDuration": 188.01250762802505,
	"totalNumberSaccades": 2710,
	"sumSaccadeLengths": 329796.11874189595,
	"meanSaccadeLength": 121.69598477560736,
	"stdSaccadeLengths": 329796.118741895,
	"totalSaccadeDuration": 333584.0,
	"meanSaccadeDuration": 123.09372693726937,
	"stdSaccadeDurations": 259.0302129755654,
	"scanpathDuration": 259.0302129755654,
	"fixationSaccadeRatio:": 2.0182023118614802,
	"sumAbsoluteDegrees": 93049.03190281533,
	"meanAbsoluteDegrees": 34.33543612650012,
	"sumRelativeDegrees": 300839.1468780615,
	"meanRelativeDegrees": 111.05173380511684,
	"convex hull area": 917215.0
}