{
	"totalFixation": 2131,
	"sumDuration": 365198.0,
	"meanDuration": 171.37400281557953,
	"stdDuration": 86.22119964075578,
	"totalNumberSaccades": 2130,
	"sumSaccadeLengths": 351797.1615215689,
	"meanSaccadeLength": 165.16298662984454,
	"stdSaccadeLengths": 351797.1615215683,
	"totalSaccadeDuration": 650856.0,
	"meanSaccadeDuration": 305.5661971830986,
	"stdSaccadeDurations": 417.2572791417843,
	"scanpathDuration": 417.2572791417843,
	"fixationSaccadeRatio:": 0.5611041459247514,
	"sumAbsoluteDegrees": 77666.70094886023,
	"meanAbsoluteDegrees": 36.46323988209401,
	"sumRelativeDegrees": 227466.60269738783,
	"meanRelativeDegrees": 106.84199281230053,
	"convex hull area": 973706.0
}