{
	"totalFixation": 2333,
	"sumDuration": 453578.0,
	"meanDuration": 194.4183454779254,
	"stdDuration": 137.47415115649162,
	"totalNumberSaccades": 2332,
	"sumSaccadeLengths": 280861.8183964568,
	"meanSaccadeLength": 120.43817255422675,
	"stdSaccadeLengths": 280861.8183964564,
	"totalSaccadeDuration": 520548.0,
	"meanSaccadeDuration": 223.21955403087478,
	"stdSaccadeDurations": 318.24871326627533,
	"scanpathDuration": 318.24871326627533,
	"fixationSaccadeRatio:": 0.8713471188055665,
	"sumAbsoluteDegrees": 83478.57294813363,
	"meanAbsoluteDegrees": 35.796986684448385,
	"sumRelativeDegrees": 249199.58278627018,
	"meanRelativeDegrees": 106.90672792203783,
	"convex hull area": 1772132.0
}