{
	"totalFixation": 2234,
	"sumDuration": 533086.0,
	"meanDuration": 238.6239928379588,
	"stdDuration": 224.30510712208397,
	"totalNumberSaccades": 2233,
	"sumSaccadeLengths": 291355.86006146146,
	"meanSaccadeLength": 130.47732201588065,
	"stdSaccadeLengths": 291355.8600614614,
	"totalSaccadeDuration": 391157.0,
	"meanSaccadeDuration": 175.17107030900135,
	"stdSaccadeDurations": 237.55890106355946,
	"scanpathDuration": 237.55890106355946,
	"fixationSaccadeRatio:": 1.3628440753968356,
	"sumAbsoluteDegrees": 94377.31105819099,
	"meanAbsoluteDegrees": 42.26480566869278,
	"sumRelativeDegrees": 213136.39816123212,
	"meanRelativeDegrees": 95.4912178141721,
	"convex hull area": 938484.5
}