{
	"total fix": "2234",
	"sum duration": 533086.0,
	"mean duration": 238.6239928379588,
	"std of duration": 224.30510712208397,
	"total number saccades": 2233,
	"sum of saccade lengths": 291355.86006146146,
	"mean saccade length": 130.47732201588065,
	"StDev of saccade lengths": 291355.8600614614,
	"total saccade duration": 391157.0,
	"mean saccade duration": 175.17107030900135,
	"Stdev saccade durations": 237.55890106355946,
	"scanpath duration": 237.55890106355946,
	"fixation to saccade ratio:": 1.3628440753968356,
	"sum of absolute degrees": 94377.31105819099,
	"mean of absolute degrees": 42.26480566869278,
	"sum of relative degrees": 213136.39816123212,
	"mean of relative degrees": 95.4912178141721,
	"convex hull area": 938484.5
}