{
	"totalFixation": 4840,
	"sumDuration": 1256923.0,
	"meanDuration": 259.6948347107438,
	"stdDuration": 201.17160979700228,
	"totalNumberSaccades": 4839,
	"sumSaccadeLengths": 712853.2449534107,
	"meanSaccadeLength": 147.31416510713177,
	"stdSaccadeLengths": 712853.2449534087,
	"totalSaccadeDuration": 411047.0,
	"meanSaccadeDuration": 84.94461665633395,
	"stdSaccadeDurations": 123.77258410035218,
	"scanpathDuration": 123.77258410035218,
	"fixationSaccadeRatio:": 3.0578571306930837,
	"sumAbsoluteDegrees": 156530.31202665257,
	"meanAbsoluteDegrees": 32.347656959423965,
	"sumRelativeDegrees": 549906.8147200565,
	"meanRelativeDegrees": 113.66407910708071,
	"convex hull area": 1082972.0
}