{
	"totalFixation": 2485,
	"sumDuration": 443866.0,
	"meanDuration": 178.61810865191146,
	"stdDuration": 126.72911088751829,
	"totalNumberSaccades": 2484,
	"sumSaccadeLengths": 439638.31171080674,
	"meanSaccadeLength": 176.98804819275634,
	"stdSaccadeLengths": 439638.3117108062,
	"totalSaccadeDuration": 799377.0,
	"meanSaccadeDuration": 321.81038647342996,
	"stdSaccadeDurations": 471.1474932625485,
	"scanpathDuration": 471.1474932625485,
	"fixationSaccadeRatio:": 0.5552649125506488,
	"sumAbsoluteDegrees": 98007.75777364087,
	"meanAbsoluteDegrees": 39.455619071514036,
	"sumRelativeDegrees": 250503.6528219306,
	"meanRelativeDegrees": 100.88749610226766,
	"convex hull area": 1090634.5
}