{
	"total fix": "2485",
	"sum duration": 443866.0,
	"mean duration": 178.61810865191146,
	"std of duration": 126.72911088751829,
	"total number saccades": 2484,
	"sum of saccade lengths": 439638.31171080674,
	"mean saccade length": 176.98804819275634,
	"StDev of saccade lengths": 439638.3117108062,
	"total saccade duration": 799377.0,
	"mean saccade duration": 321.81038647342996,
	"Stdev saccade durations": 471.1474932625485,
	"scanpath duration": 471.1474932625485,
	"fixation to saccade ratio:": 0.5552649125506488,
	"sum of absolute degrees": 98007.75777364087,
	"mean of absolute degrees": 39.455619071514036,
	"sum of relative degrees": 250503.6528219306,
	"mean of relative degrees": 100.88749610226766,
	"convex hull area": 1090634.5
}