{
	"totalFixation": 4349,
	"sumDuration": 1068897.0,
	"meanDuration": 245.7799494136583,
	"stdDuration": 239.05687717998052,
	"totalNumberSaccades": 4348,
	"sumSaccadeLengths": 486544.5794908993,
	"meanSaccadeLength": 111.90077725181676,
	"stdSaccadeLengths": 486544.579490898,
	"totalSaccadeDuration": 786846.0,
	"meanSaccadeDuration": 180.96734130634775,
	"stdSaccadeDurations": 469.9997193863522,
	"scanpathDuration": 469.9997193863522,
	"fixationSaccadeRatio:": 1.3584576905773176,
	"sumAbsoluteDegrees": 151455.1731703264,
	"meanAbsoluteDegrees": 34.833296497315175,
	"sumRelativeDegrees": 475414.1814824543,
	"meanRelativeDegrees": 109.36604128880936,
	"convex hull area": 1103536.0
}