{
	"totalFixation": 2522,
	"sumDuration": 352379.0,
	"meanDuration": 139.72204599524187,
	"stdDuration": 50.58848510447505,
	"totalNumberSaccades": 2521,
	"sumSaccadeLengths": 427496.4564644611,
	"meanSaccadeLength": 169.5741596447684,
	"stdSaccadeLengths": 427496.45646446204,
	"totalSaccadeDuration": 1610727.0,
	"meanSaccadeDuration": 638.9238397461324,
	"stdSaccadeDurations": 897.5271821009165,
	"scanpathDuration": 897.5271821009165,
	"fixationSaccadeRatio:": 0.21877015782314446,
	"sumAbsoluteDegrees": 92033.98555234252,
	"meanAbsoluteDegrees": 36.506935958882394,
	"sumRelativeDegrees": 267477.70962371625,
	"meanRelativeDegrees": 106.14194826337946,
	"convex hull area": 1114712.0
}