{
	"total fix": "2522",
	"sum duration": 352379.0,
	"mean duration": 139.72204599524187,
	"std of duration": 50.58848510447505,
	"total number saccades": 2521,
	"sum of saccade lengths": 427496.4564644611,
	"mean saccade length": 169.5741596447684,
	"StDev of saccade lengths": 427496.45646446204,
	"total saccade duration": 1610727.0,
	"mean saccade duration": 638.9238397461324,
	"Stdev saccade durations": 897.5271821009165,
	"scanpath duration": 897.5271821009165,
	"fixation to saccade ratio:": 0.21877015782314446,
	"sum of absolute degrees": 92033.98555234252,
	"mean of absolute degrees": 36.506935958882394,
	"sum of relative degrees": 267477.70962371625,
	"mean of relative degrees": 106.14194826337946,
	"convex hull area": 1114712.0
}