{
	"total fix": "1023",
	"sum duration": 207278.0,
	"mean duration": 202.6177908113392,
	"std of duration": 124.58171720775765,
	"total number saccades": 1022,
	"sum of saccade lengths": 174510.7431911201,
	"mean saccade length": 170.75415185041106,
	"StDev of saccade lengths": 174510.74319112007,
	"total saccade duration": 378126.0,
	"mean saccade duration": 369.986301369863,
	"Stdev saccade durations": 1300.2630871467868,
	"scanpath duration": 1300.2630871467868,
	"fixation to saccade ratio:": 0.5481717734300207,
	"sum of absolute degrees": 32606.074125368526,
	"mean of absolute degrees": 31.904182118755898,
	"sum of relative degrees": 117065.66589295457,
	"mean of relative degrees": 114.657851021503,
	"convex hull area": 1311683.0
}