{
	"totalFixation": 1023,
	"sumDuration": 207278.0,
	"meanDuration": 202.6177908113392,
	"stdDuration": 124.58171720775765,
	"totalNumberSaccades": 1022,
	"sumSaccadeLengths": 174510.7431911201,
	"meanSaccadeLength": 170.75415185041106,
	"stdSaccadeLengths": 174510.74319112007,
	"totalSaccadeDuration": 378126.0,
	"meanSaccadeDuration": 369.986301369863,
	"stdSaccadeDurations": 1300.2630871467868,
	"scanpathDuration": 1300.2630871467868,
	"fixationSaccadeRatio:": 0.5481717734300207,
	"sumAbsoluteDegrees": 32606.074125368526,
	"meanAbsoluteDegrees": 31.904182118755898,
	"sumRelativeDegrees": 117065.66589295457,
	"meanRelativeDegrees": 114.657851021503,
	"convex hull area": 1311683.0
}