{
	"total fix": "1166",
	"sum duration": 174485.0,
	"mean duration": 149.64408233276157,
	"std of duration": 72.27505457837702,
	"total number saccades": 1165,
	"sum of saccade lengths": 178873.14837016922,
	"mean saccade length": 153.53918315035983,
	"StDev of saccade lengths": 178873.14837016902,
	"total saccade duration": 924729.0,
	"mean saccade duration": 793.7587982832619,
	"Stdev saccade durations": 2370.5018190042238,
	"scanpath duration": 2370.5018190042238,
	"fixation to saccade ratio:": 0.18868771283262448,
	"sum of absolute degrees": 46940.85337962761,
	"mean of absolute degrees": 40.292578008264044,
	"sum of relative degrees": 115587.77105125597,
	"mean of relative degrees": 99.30220880692094,
	"convex hull area": 815076.0
}