{
	"totalFixation": 1166,
	"sumDuration": 174485.0,
	"meanDuration": 149.64408233276157,
	"stdDuration": 72.27505457837702,
	"totalNumberSaccades": 1165,
	"sumSaccadeLengths": 178873.14837016922,
	"meanSaccadeLength": 153.53918315035983,
	"stdSaccadeLengths": 178873.14837016902,
	"totalSaccadeDuration": 924729.0,
	"meanSaccadeDuration": 793.7587982832619,
	"stdSaccadeDurations": 2370.5018190042238,
	"scanpathDuration": 2370.5018190042238,
	"fixationSaccadeRatio:": 0.18868771283262448,
	"sumAbsoluteDegrees": 46940.85337962761,
	"meanAbsoluteDegrees": 40.292578008264044,
	"sumRelativeDegrees": 115587.77105125597,
	"meanRelativeDegrees": 99.30220880692094,
	"convex hull area": 815076.0
}