{
	"totalFixation": 3895,
	"sumDuration": 867342.0,
	"meanDuration": 222.6808729139923,
	"stdDuration": 147.36740693193588,
	"totalNumberSaccades": 3894,
	"sumSaccadeLengths": 567952.5145913444,
	"meanSaccadeLength": 145.85323949443872,
	"stdSaccadeLengths": 567952.5145913445,
	"totalSaccadeDuration": 551112.0,
	"meanSaccadeDuration": 141.52850539291217,
	"stdSaccadeDurations": 260.54790829875185,
	"scanpathDuration": 260.54790829875185,
	"fixationSaccadeRatio:": 1.5738035099943388,
	"sumAbsoluteDegrees": 152601.916724254,
	"meanAbsoluteDegrees": 39.18898734572522,
	"sumRelativeDegrees": 394813.9119769488,
	"meanRelativeDegrees": 101.41636577882065,
	"convex hull area": 1420644.5
}