{
	"total fix": "3895",
	"sum duration": 867342.0,
	"mean duration": 222.6808729139923,
	"std of duration": 147.36740693193588,
	"total number saccades": 3894,
	"sum of saccade lengths": 567952.5145913444,
	"mean saccade length": 145.85323949443872,
	"StDev of saccade lengths": 567952.5145913445,
	"total saccade duration": 551112.0,
	"mean saccade duration": 141.52850539291217,
	"Stdev saccade durations": 260.54790829875185,
	"scanpath duration": 260.54790829875185,
	"fixation to saccade ratio:": 1.5738035099943388,
	"sum of absolute degrees": 152601.916724254,
	"mean of absolute degrees": 39.18898734572522,
	"sum of relative degrees": 394813.9119769488,
	"mean of relative degrees": 101.41636577882065,
	"convex hull area": 1420644.5
}