{
	"totalFixation": 3130,
	"sumDuration": 1124668.0,
	"meanDuration": 359.3188498402556,
	"stdDuration": 287.49949395531735,
	"totalNumberSaccades": 3129,
	"sumSaccadeLengths": 425933.76476861944,
	"meanSaccadeLength": 136.12456528239676,
	"stdSaccadeLengths": 425933.7647686192,
	"totalSaccadeDuration": 141422.0,
	"meanSaccadeDuration": 45.197187599872166,
	"stdSaccadeDurations": 74.20956306568516,
	"scanpathDuration": 74.20956306568516,
	"fixationSaccadeRatio:": 7.95256749303503,
	"sumAbsoluteDegrees": 107170.66336490332,
	"meanAbsoluteDegrees": 34.250771289518475,
	"sumRelativeDegrees": 345140.7716063837,
	"meanRelativeDegrees": 110.33912135753955,
	"convex hull area": 1210312.0
}