{
	"totalFixation": 5707,
	"sumDuration": 1140145.0,
	"meanDuration": 199.7800946206413,
	"stdDuration": 131.63813199481373,
	"totalNumberSaccades": 5706,
	"sumSaccadeLengths": 917590.0682903099,
	"meanSaccadeLength": 160.8114385366824,
	"stdSaccadeLengths": 917590.0682903097,
	"totalSaccadeDuration": 1163235.0,
	"meanSaccadeDuration": 203.86172450052575,
	"stdSaccadeDurations": 595.5311447920151,
	"scanpathDuration": 595.5311447920151,
	"fixationSaccadeRatio:": 0.9801501846144588,
	"sumAbsoluteDegrees": 197692.4684849362,
	"meanAbsoluteDegrees": 34.64641929283845,
	"sumRelativeDegrees": 628516.8815172313,
	"meanRelativeDegrees": 110.1694796699792,
	"convex hull area": 968778.0
}