{
	"totalFixation": 3486,
	"sumDuration": 889052.0,
	"meanDuration": 255.03499713138268,
	"stdDuration": 192.77551245155976,
	"totalNumberSaccades": 3485,
	"sumSaccadeLengths": 411874.2506242007,
	"meanSaccadeLength": 118.18486388068887,
	"stdSaccadeLengths": 411874.2506242013,
	"totalSaccadeDuration": 374985.0,
	"meanSaccadeDuration": 107.59971305595408,
	"stdSaccadeDurations": 206.32011079151837,
	"scanpathDuration": 206.32011079151837,
	"fixationSaccadeRatio:": 2.370900169340107,
	"sumAbsoluteDegrees": 131766.17871259974,
	"meanAbsoluteDegrees": 37.80952043403149,
	"sumRelativeDegrees": 359298.01283896493,
	"meanRelativeDegrees": 103.12801746238948,
	"convex hull area": 1086770.5
}