{
	"total fix": "3486",
	"sum duration": 889052.0,
	"mean duration": 255.03499713138268,
	"std of duration": 192.77551245155976,
	"total number saccades": 3485,
	"sum of saccade lengths": 411874.2506242007,
	"mean saccade length": 118.18486388068887,
	"StDev of saccade lengths": 411874.2506242013,
	"total saccade duration": 374985.0,
	"mean saccade duration": 107.59971305595408,
	"Stdev saccade durations": 206.32011079151837,
	"scanpath duration": 206.32011079151837,
	"fixation to saccade ratio:": 2.370900169340107,
	"sum of absolute degrees": 131766.17871259974,
	"mean of absolute degrees": 37.80952043403149,
	"sum of relative degrees": 359298.01283896493,
	"mean of relative degrees": 103.12801746238948,
	"convex hull area": 1086770.5
}