{
	"totalFixation": 605,
	"sumDuration": 112708.0,
	"meanDuration": 186.29421487603307,
	"stdDuration": 143.1710968148449,
	"totalNumberSaccades": 604,
	"sumSaccadeLengths": 137502.71145922603,
	"meanSaccadeLength": 227.65349579342057,
	"stdSaccadeLengths": 137502.71145922612,
	"totalSaccadeDuration": 610564.0,
	"meanSaccadeDuration": 1010.8675496688742,
	"stdSaccadeDurations": 1721.1154128504957,
	"scanpathDuration": 1721.1154128504957,
	"fixationSaccadeRatio:": 0.18459653697237308,
	"sumAbsoluteDegrees": 21631.539149110245,
	"meanAbsoluteDegrees": 35.81380653826199,
	"sumRelativeDegrees": 65181.75287510179,
	"meanRelativeDegrees": 108.09577591227495,
	"convex hull area": 994184.0
}