{
	"totalFixation": 4297,
	"sumDuration": 852711.0,
	"meanDuration": 198.44333255759832,
	"stdDuration": 125.496203630137,
	"totalNumberSaccades": 4296,
	"sumSaccadeLengths": 549868.3145815745,
	"meanSaccadeLength": 127.99541773314118,
	"stdSaccadeLengths": 549868.3145815745,
	"totalSaccadeDuration": 686603.0,
	"meanSaccadeDuration": 159.8237895716946,
	"stdSaccadeDurations": 233.5950206427389,
	"scanpathDuration": 233.5950206427389,
	"fixationSaccadeRatio:": 1.2419272854910335,
	"sumAbsoluteDegrees": 163320.44293150393,
	"meanAbsoluteDegrees": 38.016862879772795,
	"sumRelativeDegrees": 441872.20873458975,
	"meanRelativeDegrees": 102.88060738872869,
	"convex hull area": 1032424.0
}